rating_workload,rating_content,rating_teaching,rating_grading,has_midterm,has_final,has_quiz,has_assignment,has_essay,has_project,has_attendance,has_reading,has_presentation,course_name,level,upvote_ratio,insturctor_rating,comment_content,comment_teaching,comment_workload,comment_grading
5,5,5,5,False,True,False,True,False,False,False,False,False,COMP1029J,1000,,11,"Basic Java<br />1. Using BlueJ<br />2. Strings and Loops<br />3. Class and arrays<br />4. File I/O and Recursion<br />5. Greenfoot<br /><br />the concept of class and arrays are quite useful for 2XXX COMP courses like COMP2011/2012. Somehow better than 1029C for preparation for COMP2011. (Why they don&#039;t use Java to teach OOP tho...)<br /><br />If you cannot enroll due to not finishing COMP1021 by the time applying, just waive pre requisite and state you are taking COMP1021, Gibson is nice and he will usually allow you to enroll.","The canvas page might seems to be redundant for pros, but quite clear and easy to read for a Java Rookie like me.<br /><br />No lessons, just read canvas page online","simple HWs, can be done within 1-2 hours each week even in month-long Winter/Summer semester<br /><br />Just ChatGPT or Deepseek the assignment if you have really no idea (just kidding don&#039;t, email TAs or find you peers for help instead)",Pass / Fail course<br />40% in exam<br />60% in HWs (4 in total) to pass<br />cheat sheets can be used in final<br /><br />Final is not too hard and you should be able to pass if you do some basic preparation
5,3,3,5,True,True,False,False,False,False,False,False,False,COMP1029J,1000,,11,"4 (actually 5, but the first is an intro) chapters in total: basic java stuffs using mainly BlueJ, and also last chapter Greenfoot;<br /><br />However organization of notes is not good, some lengthy examples are tiring to read, kind of unnecessary too,<br />Just fking tell me the syntax and it&#039;s good enough;<br /><br />Any online java lesson would probably be better than this course;<br /><br />Also you cannot learn or do new homework until it unlocks the chapter, why, Gibson ?","no any lesson, just self-study (reading from notes, no videos), maybe learn from other online resources to get better understanding.<br /><br />Also is Gibson so lazy? Why give homework grades so late, but give final grades so fast (just 1 day after exam) ?? Maybe he don&#039;t want to work in Chinese New year I guess.","Nearly no workload at all, can easily complete whole chapter in just 1 day, each homework (exercise) have about a week for you to work with, but actually only need like 15 minutes as it&#039;s just fill in the blanks if you&nbsp;&nbsp;fast enough. 4 Homework in total.","Very easy to pass:<br />get 60+/100 for 4 homework (each 25%)<br />0 effort needed to get full marks<br /><br />and 40+/100 in 1 hour final exam<br />also very easy, even without cheat sheet<br />the average is like 74 ?"
5,5,5,5,False,True,False,True,False,False,False,False,False,COMP1029J,1000,,11,"The course includes some basic knowledge of Java, e.g. loops, methods (called functions in other programming language), BlueJ, etc.<br />as long as you have had a touch in programming, the contents should be easy to you (and it&#039;s okay even if you had never)<br />You would make a little game at the end of the course and it is fun to see the result coming out.<br />After the course, you would know why Java is called object-oriented.","The contents are taught by texts and some examples. There is no &#039;teacher&#039;, so there&#039;s nothing to be graded tbh.<br />but the teaching materials are written clearly so that you could understand just by reading it.<br />i believe you could still seek out to ask questions if you have any, but i did not contact the course instructor throughout the course so i&#039;m not sure about it.","again, your goal is to get a passing score<br />finishing four tasks is def not difficult or time-consuming<br />each task took me less than an hour to finish (the first two even took less)<br />final exam is open-note, you could bring your own notes in hardcopy (and i rmb there was no page limit? i brought ard 3 A4 pages, if there is a limit, it should be something close to this ), no electronic devices allowed","This course is pass/ fail only, so your goal is to pass (60% in total), not to answer every question or finish every task perfectly<br />The course includes 4 graded tasks and one final exam.<br />What you need to do is finish at least two (or three, sorry i dont remember so well) out of four tasks, and get 60% or above including final exam"
5,5,5,5,False,True,False,True,False,False,False,False,False,COMP1029J,1000,,11,"Basics about Java is included in this course, and the tools used in this course is BlueJ and Greenfoot.","This is an online self paced course, so just read the notes and materials in the canvas. The materials are clear and easy to understand as well.","The 4 assignments have the skeleton code and the instruction for the assignment is very clear as well. Hence, the workload is really low compare with other coding course (as it is an 1 credit course of course)","4 Assignment + Final Exam<br />The assignment and exam are easy as it is just a bridging course. As this is an online course, this is an open book and open notes exam."
5,5,4,5,False,True,False,True,False,False,False,True,False,COMP1029J,1000,,11,"Learning about basic Java programming which features the use of&nbsp;&nbsp;BlueJ and Greenfoot. Suitable for those who are interested in learning Java and are looking for a starting point to dive into the Java world. Not suitable for those who have already learned the basics and looking for advanced content.<br /><br />Rough syllabus:<br />1. Data types, operators, use of Java package<br />2. Print text and get input from users<br />3. If, Switch<br />4. For loop, While loop, Do While loop<br />5. Object-oriented programming in Java(class, method, instance)<br />6. Array in Java<br />7. Inheritance &amp; Interface<br />8. Types of error, catching exceptions<br />9. Using path, read and write a file<br />10. Recursion<br />11. Greenfoot section(making a game)","Self-learning, self-pacing. You need to read through the materials on Canvas on your own. The amount of material is not heavy, about 3-4 sections every week with several examples. If you are hardworking enough, learning through all of these would be a piece of cake. Recommend actually downloading BlueJ and Greenfoot and following the examples to have a better understanding.<br />If you could not push yourself to study on your own, this course may not suit you.","Very little workload. Only 3-4 pieces of material to learn every week, along with 1 piece of homework. <br /><br />About the homework :<br />1. Gave you a template. You only need to fill in specific parts, just like in COMP1021.<br />2. Only 3-4 simple tasks. You may check your program with the given example.<br />3. Most of the part is copied and pasted from the example. If not, from the previous learning material. You may always find TA&nbsp;&nbsp;for help if you really could not figure it out.<br />4. Make sure you check the requirement carefully.<br />5. Make sure you submit the correct file. (.java or .zip, depending on the homework)","A Pass or Fail course. If you achieve:<br />1. Submitting at least 3 homework and having good scores among them<br />2. Getting at least 40% on the final exam<br />Then you would pass the course.<br /><br />About the final exam:<br />1. Open book, open notes. So do not hesitate to make some cheat sheets to bring to your exam.<br />2. Mixed with MCs and Short Questions. Does not require you to write a whole program on your own suddenly.<br />3. Most questions are straightforward and basic. Don&#039;t be stressed - Getting 40% is all you need!"
5,5,5,5,False,True,False,True,False,False,False,True,False,COMP1029J,1000,,11,"The contents are good but not very deep, which include some basics of Java, basic OOP, Error handling, File I/O, and probably the least useful: Greenfoot. <br /><br />The course suggests you to use BlueJ for a better visualization of classes and methods but I prefer to use vscode. Still you need to know how to use BlueJ as there are exam questions on BlueJ.",There&#039;s no teaching at all. You just go through the canvas pages and read the materials yourself.,It&#039;s a 1-credit course so there&#039;s really not much workload. Every assignments can be finished within 2 hours with the guidelines from the assignment.,"Easy to pass the course. Just get &gt;60% on assignment and &gt;40%&nbsp;&nbsp;on final exam (which should be open book) .<br /><br />I got 3/4 assignment full mark and 1 assignment 0 mark because I submitted the wrong file, and I got 72% in final exam."
5,5,4,5,False,True,False,True,False,False,False,True,False,COMP1029J,1000,,11,"Content is just a very simple introduction to java, designed for someone with no experience. Uses BlueJ and GreenFoot, not practical but good for beginners to visualise what they&#039;re making.<br /><br />The content is presented on Canvas, and is very easy to get through (only takes like an hour maximum). There are five of these pages overall, which results in only a few hours of content for a full semester. However, this is probably in line with most other 1-credit courses.","There is no teacher for the course, so cannot say. I hear Gibson is a good one though.","Basically non-existent. The final exam takes like an hour of revision to pass, and was quite easy. The assignments are all quite straightforward, and just use what you&#039;ve learnt from the canvas pages. <br />There is around a few hours of work in this course that you need to do, so very good, can finish the entire course&#039;s content in a day.",It is a pass/fail course so the grading is no problem. Passing involved the exam and assignments which are both very easy to do well in.
3,4,3,4,False,True,False,True,False,False,False,True,False,COMP1029J,1000,,11,"It is a course which will bring you through the basics of java, like hello world, basic data handling and stuff. 5 Lessons in total, you will have spare time to finish each of them with half-a-day. Starting from lesson 4, you will learn some basic of OOP, which includes Inheritance, Interfaces, error handling, file input and output or even coordinate handling in a 2D world. But again, easy stuff, what do you expect from a 1-credit course and the best grade you can get is a Pass.","Learn by yourself, only words are there to read and thus to teach. If you are really really struggling, you could contact TA -- Google. There&#039;re actually some real TAs and I&#039;d say Google could do the job much faster.","I didn&#039;t expect to create 5 programs in a 1-credit course, so I rate it a C.","Easy to pass, impossible to get A. You only need to identify the syntax errors in the codes in the final. And in some extreme cases, a dry run table will get you through all the problems."
5,4,4,4,False,True,False,True,False,False,False,False,True,COMP1029J,1000,,11,The content is easy and more concentrates on the usage of blueJ.<br />BuleJ is helpful,There is no lecture and we are required to do self studying. You can ask the TA for help if you have questions.,There is little workload.What you need to do is illustrated clearly.,"It is a p/f course. Programming exercises: submit and obtain 60% or higher of the four exercises total mark. That means you could submit three out of four exercises and still pass the requirement, given that you get very good marks for them. Final examination: obtain 40% or higher in the final exam"
5,5,4,5,False,True,False,True,False,False,False,False,False,COMP1029J,1000,,11,"Am I the only one who thought this can be counted in the best 24 cred in the major selection and enrolled in this course? 🤔 (It is P/F so it don&#039;t count :P)<br /><br />Simple Java using BlueJ and Greenfoot.<br />learn it yourself by reading the notes on Canvas. It is a Canvas page, not pdf files. There are 5 parts. Part 2~5 have a homework in the end so 4 homework in total. He unlocks 1 part every month and the homework is due before he unlocks the next part so you can&#039;t finish learning everything at once.","The homework and example are easy to follow through and clear to read. but I wonder if I can remember anything after the final exam. :P So, I didn&#039;t rate it an A for teaching.",One part of notes and one homework per month. 3 hours per month will be enough. per month not per week so the workload is very light.,It is just a Pass/Fail Course and I don&#039;t think there is anyone who failed this course<br /><br />He literally wrote “There are enough easy problems to let you reach the passing mark (40%)” in the final exam. (it is an open book exam so think about it)
5,5,5,5,False,True,False,True,False,False,False,True,False,COMP1029J,1000,,11,Lesson 1 - Introduction to Java<br />Lesson 1.1 - Using Java and BlueJ<br />Lesson 1.2 - Java Language Basics<br />Lesson 1.3 - Variables and Operators<br />Lesson 1.4 - Text Input and Output<br /><br />Lesson 2 - Essential Programming in Java<br />Lesson 2.1 - Using Strings<br />Lesson 2.2 - Making Decisions<br />Lesson 2.3 - Loops<br /><br />Lesson 3 - Object-oriented Programming and Arrays<br />Lesson 3.1 - Basic Object-oriented Programming<br />Lesson 3.2 - Class Methods<br />Lesson 3.3 - Arrays<br /><br />Lesson 4 - Advanced Topics<br />Lesson 4.1 - Inheritance and Interfaces<br />Lesson 4.2 - Error Handling<br />Lesson 4.3 - File Input and Output<br />Lesson 4.4 - Recursion<br /><br />Lesson 5 - Using Greenfoot<br />Lesson 5.1 - Using Greenfoot<br />Lesson 5.2 - Creating a Spaceship in a Game<br />Lesson 5.3 - Creating an Enemy in the Game<br />Lesson 5.4 - Finishing the Game,"No face to face lesson.<br /><br />All the teaching materials are on Canvas. Read all of them by yourselves.<br /><br />I have asked the professor for a few times. His explanations are pretty well. Usually, he will reply you in less than 24 hours.<br /><br />Just make sure you do enough hand-in exercise and do normally in exam to get enough score to pass.<br /><br />There are also some review questions that you may do. However, they will not counted towards your final grade and it is optional for you to do them.","Very light. I took this course when I was Year 1.<br /><br />Just make sure you hand in your work before the deadline, and do some revision before the final exam, you will get a pass.<br /><br />If you do not have anything to do in winter semester, I highly recommend you to enroll this course so that you can learn something meaningful.","This is a Pass/Fail course. To pass the course, you need to:<br /><br />1.<br />Programming exercises:<br />submit and obtain 60% or higher of the four exercises total mark. That means you could submit three out of four exercises and still pass the requirement, given that you get very good marks for them.<br /><br />2.<br />Final examination:<br />obtain 40% or higher in the final exam.<br /><br /><br />The final exam contains 20 questions. It lasts for 1 hour. Some of the questions are multiple-choice questions and some of them are short questions. The exam is open book and open notes (digital or paper-based).<br /><br /><br />My result:<br /><br />Exercise for Lesson 2 (ASCII to Emoji) :<br />100/100<br /><br />Exercise for Lesson 3 (Dim Sum Ordering System) :<br />100/100<br /><br />Exercise for Lesson 4 (A Phone Book Program) :<br />100/100<br /><br />Exercise for Lesson 5 (A Shooting Game) :<br />100/100<br /><br />Final Exam :<br />87/100<br /><br />Grade: P<br /><br />(For your reference, I took COMP1021 in 2021-2022 Fall and I got A+ at last.)<br /><br />I also got Level 5* in 2021 HKDSE ICT. My elective is Software Development. The programming language I learned in secondary school was C.<br /><br />In the same semester (2021-2022 Winter), I also took COMP1029C because the syntax of both languages are quite similar, and I pass all these courses eventually.)"
5,5,5,5,False,True,False,True,False,False,False,False,False,COMP1029J,1000,,11,Lesson 1 - Introduction to Java<br />Lesson 1.1 - Using Java and BlueJ<br />Lesson 1.2 - Java Language Basics<br />Lesson 1.3 - Variables and Operators<br />Lesson 1.4 - Text Input and Output<br /><br />Lesson 2 - Essential Programming in Java<br />Lesson 2.1 - Using Strings<br />Lesson 2.2 - Making Decisions<br />Lesson 2.3 - Loops<br /><br />Lesson 3 - Object-oriented Programming and Arrays<br />Lesson 3.1 - Basic Object-oriented Programming<br />Lesson 3.2 - Class Methods<br />Lesson 3.3 - Arrays<br /><br />Lesson 4 - Advanced Topics<br />Lesson 4.1 - Inheritance and Interfaces<br />Lesson 4.2 - Error Handling<br />Lesson 4.3 - File Input and Output<br />Lesson 4.4 - Recursion<br /><br />Lesson 5 - Using Greenfoot<br />Lesson 5.1 - Using Greenfoot<br />Lesson 5.2 - Creating a Spaceship in a Game<br />Lesson 5.3 - Creating an Enemy in the Game<br />Lesson 5.4 - Finishing the Game,所有材料擺哂上Canvas<br />唔會用任何face to face堂<br />自己搵時間睇就得<br />Concept都解釋得好清楚<br />Example都足夠<br />淺白易明,[我係winter讀所以會有dd唔同]<br />Total有4份exercise<br />頭3個exercise係整d application<br />最尾1個exercise就係整一個小遊戲<br />平均一個星期一份exercise要做<br />如果諗唔到點做可能要用多少少時間研究下<br />個template已經做好一部份<br />基本上只係fill in the blanks<br /><br />考試係online + open book<br />一個鐘20題<br />臨考前一晚睇一睇D syntax用法就ok<br />會有MC題同fill in the blanks<br /><br />總括而言個workload唔大,P/F Course<br />4份Exercise總分最少要60%<br />Final Exam總分最少要40%<br /><br />Exercise for Lesson 2 (ASCII to Emoji): 100/100<br />Exercise for Lesson 3 (Dim Sum Ordering System): 100/100<br />Exercise for Lesson 4 (A Phone Book Program): 100/100<br />Exercise for Lesson 5 (A Shooting Game): 100/100<br /><br />Final Exam: 77/100<br /><br />Grade: P
4,4,3,5,False,True,False,True,False,False,False,False,False,COMP1029J,1000,,11,"Using BlueJ / Greenfoot to write some simple program.<br />The content are just similar to other programming language, nothing really special.","online self-study without lessons, so no comment.<br />You will be provided notes for the course (maybe with video sometimes).","-Online notes<br />-Assignments()<br />-Final exam<br /><br />You may need to spend some time reading the notes before you do the exercise or assignments.<br /><br />Assignment: 2.5~3.5 week per assignment<br /><br />Final exam: close-book exam. Just for getting a passing mark to pass the course, so it&#039;s not hard at all<br /><br />BUT!!! <br />This course may still be a burden during Spring/Fall sem. Taking this course during winter/summer maybe a better option.","Only P/F for this course. If you can finish all the assignment and doing the final exam, you would probably get a pass for this course.<br />Required a passing mark in both assignment and final exam."
5,5,5,5,False,True,True,False,False,False,False,False,False,COMP1029J,1000,,11,"An intro course to Java programming, starting from basic syntax to preliminary OOP. The course is on BlueJ and Greenfoot, both are easy to handle. Just follow step by step and nothing will be difficult.",Self-learning... Nice slides by the way.,"Well, you can complete the slides and quizzes of the week altogether in 2 hours or less. Half a day of review before the exam will be enough to get it passed.&nbsp;&nbsp;No extra effort is required.",pass and fail only.<br />&gt;60 % in the lab<br />&gt;40% in the final
5,4,4,5,False,True,False,True,False,False,False,False,False,COMP1029J,1000,,11,Quite simple with prior programming experience but nice to get a feel of the JAVA language.,"No personal teaching, just read the course website. Projects are provided for each topic to exemplify the point. <br />TA marks the assignment but with minimal feedback.","Very light workload, on average half an hour per week. Only five lessons in the entire semester. Since this is a P/F subject, not much revision required for finals also.","Complete a minimum number out of all assignments and achieve at least 40% in finals. <br /><br />Assignments are simple as step-by-step instructions are given. The final assignment is a bit longer but still very detailed instructions with a video from Gibson. <br /><br />The final is quite simple especially if you have experience with COMP 1021 style exams. Less about JAVA syntax, more on programming concepts."
