rating_workload,rating_content,rating_teaching,rating_grading,has_midterm,has_final,has_quiz,has_assignment,has_essay,has_project,has_attendance,has_reading,has_presentation,course_name,level,upvote_ratio,insturctor_rating
5,5,5,4,True,True,False,True,False,True,False,False,False,COMP2611,2000,,3
4,4,4,3,True,True,False,True,False,False,False,False,False,COMP2611,2000,,3
2,5,3,5,True,True,False,True,False,True,False,False,False,COMP2611,2000,0.0,3
4,3,4,3,True,True,False,True,False,False,False,False,False,COMP2611,2000,1.0,3
4,4,3,1,True,True,False,True,False,True,False,False,False,COMP2611,2000,,3
4,5,5,3,True,True,False,True,False,True,False,False,False,COMP2611,2000,0.75,3
5,3,2,4,True,True,False,True,False,False,False,False,False,COMP2611,2000,,3
3,3,4,4,True,True,False,True,False,True,False,False,False,COMP2611,2000,,3
3,3,2,1,True,True,False,True,False,True,False,False,False,COMP2611,2000,1.0,3
3,1,1,1,True,True,False,True,False,True,False,False,False,COMP2611,2000,0.0,5
4,4,4,4,True,True,False,True,False,True,False,False,False,COMP2611,2000,0.75,3
5,4,5,5,True,True,False,True,False,False,False,False,False,COMP2611,2000,0.16666666666666666,11
4,4,4,1,True,True,False,True,False,False,False,False,False,COMP2611,2000,0.16666666666666666,3
5,5,5,4,True,True,False,True,False,True,False,False,False,COMP2611,2000,,3
5,3,4,4,True,True,False,True,False,True,False,False,False,COMP2611,2000,,3
5,4,5,4,True,True,False,True,False,False,False,False,False,COMP2611,2000,,3
5,5,5,4,False,True,False,True,False,True,False,False,False,COMP2611,2000,0.6666666666666666,3
4,5,5,4,True,True,False,True,False,True,False,False,False,COMP2611,2000,,3
4,5,5,4,True,True,False,True,False,True,False,False,False,COMP2611,2000,0.0,11
5,4,5,3,True,True,False,True,False,True,False,False,False,COMP2611,2000,0.2222222222222222,3
5,5,5,4,True,True,False,True,False,True,False,False,False,COMP2611,2000,1.0,3
5,5,5,5,True,True,False,True,False,True,False,False,False,COMP2611,2000,0.2,3
5,5,5,4,True,True,False,True,False,False,False,False,False,COMP2611,2000,0.0,3
4,4,5,5,True,True,False,True,False,True,False,False,False,COMP2611,2000,0.16666666666666666,3
5,5,4,5,True,True,False,True,False,True,False,False,False,COMP2611,2000,0.16666666666666666,3
4,5,4,4,True,True,False,True,False,True,False,False,False,COMP2611,2000,0.7857142857142857,11
4,4,5,4,True,True,False,True,False,True,False,False,False,COMP2611,2000,0.25,3
4,4,4,4,True,True,False,True,False,True,False,False,False,COMP2611,2000,0.6,3
5,5,5,5,True,True,False,True,False,True,False,False,False,COMP2611,2000,0.2857142857142857,3
3,3,4,4,True,True,False,True,False,True,False,False,False,COMP2611,2000,0.5,11
5,4,5,5,True,True,False,True,False,True,False,False,False,COMP2611,2000,0.0,3
4,4,5,2,True,True,False,True,False,True,False,False,False,COMP2611,2000,0.6666666666666666,3
4,4,4,3,True,True,False,True,False,True,False,False,False,COMP2611,2000,1.0,3
4,4,3,4,True,True,False,True,False,True,False,False,False,COMP2611,2000,1.0,11
4,5,5,4,True,True,False,True,False,True,False,False,False,COMP2611,2000,,11
4,4,5,5,True,True,False,True,False,True,False,False,False,COMP2611,2000,0.25,3
