rating_workload,has_midterm,has_final,has_quiz,has_assignment,has_essay,has_project,has_attendance,has_reading,has_presentation,course_name,level,upvote_ratio,insturctor_rating
5,False,True,False,True,False,False,False,False,False,COMP1029J,1000,,11
5,True,True,False,False,False,False,False,False,False,COMP1029J,1000,,11
5,False,True,False,True,False,False,False,False,False,COMP1029J,1000,,11
5,False,True,False,True,False,False,False,False,False,COMP1029J,1000,,11
5,False,True,False,True,False,False,False,True,False,COMP1029J,1000,,11
5,False,True,False,True,False,False,False,True,False,COMP1029J,1000,,11
5,False,True,False,True,False,False,False,True,False,COMP1029J,1000,,11
3,False,True,False,True,False,False,False,True,False,COMP1029J,1000,,11
5,False,True,False,True,False,False,False,False,True,COMP1029J,1000,,11
5,False,True,False,True,False,False,False,False,False,COMP1029J,1000,,11
5,False,True,False,True,False,False,False,True,False,COMP1029J,1000,,11
5,False,True,False,True,False,False,False,False,False,COMP1029J,1000,,11
4,False,True,False,True,False,False,False,False,False,COMP1029J,1000,,11
5,False,True,True,False,False,False,False,False,False,COMP1029J,1000,,11
5,False,True,False,True,False,False,False,False,False,COMP1029J,1000,,11
